STATEFP,COUNTYFP,TRACTCE,GEOID,NAME,NAMELSAD,MTFCC,FUNCSTAT,ALAND,AWATER,INTPTLAT,INTPTLON,med_home_val,brewery_count,area_km2,brewery_density,dist_to_brewery_m,dist_to_brewery_km,dist_to_brewery_min,brewery_within_800m,brewery_within_1200m
42,101,026301,42101026301,263.01,Census Tract 263.01,G5020,S,406340,0,+40.0728148,-075.1637161,203900.0,0,0.6947191860196299,0.0,3566.148345630487,3.566148345630487,44.57685432038109,0,0
42,101,029200,42101029200,292,Census Tract 292,G5020,S,1745920,28444,+40.0249035,-075.1017831,151100.0,0,3.0293189098926616,0.0,6666.248323610983,6.666248323610983,83.32810404513728,0,0
42,101,024400,42101024400,244,Census Tract 244,G5020,S,421189,0,+40.0248284,-075.1638925,186100.0,0,0.7191058519059658,0.0,4384.0437931763845,4.384043793176384,54.80054741470481,0,0
42,101,033200,42101033200,332,Census Tract 332,G5020,S,842716,0,+40.0439733,-075.0449684,299400.0,0,1.4395884616105123,0.0,3242.7593950028186,3.2427593950028184,40.534492437535235,0,0
42,101,000200,42101000200,2,Census Tract 2,G5020,S,386232,0,+39.9554162,-075.1569255,483700.0,0,0.6580874560666142,0.0,790.6128771445284,0.7906128771445284,9.882660964306606,1,1
42,101,000300,42101000300,3,Census Tract 3,G5020,S,546267,22673,+39.9568348,-075.1713009,669800.0,0,0.9694552174520364,0.0,1568.4544006268102,1.5684544006268102,19.605680007835126,0,0
42,101,038700,42101038700,387,Census Tract 387,G5020,S,2051448,22042,+40.0833124,-075.2130760,656100.0,0,3.5461487732960135,0.0,1571.447228195825,1.571447228195825,19.64309035244781,0,0
42,101,038800,42101038800,388,Census Tract 388,G5020,S,1390293,4751,+40.0571595,-075.1982438,376700.0,1,2.3840747652931533,0.4194499327612475,750.045062733897,0.750045062733897,9.375563284173712,1,1
42,101,038900,42101038900,389,Census Tract 389,G5020,S,1280554,0,+40.0543431,-075.1682764,249200.0,0,2.18818987976032,0.0,2557.3262350416753,2.557326235041675,31.96657793802094,0,0
42,101,037900,42101037900,379,Census Tract 379,G5020,S,1400253,11282,+39.9914067,-075.0923741,218200.0,0,2.4075831693198557,0.0,4102.488058934498,4.102488058934498,51.28110073668123,0,0
42,101,038200,42101038200,382,Census Tract 382,G5020,S,1828675,13220,+39.9963741,-075.0973643,92900.0,0,3.1421923650510966,0.0,3972.821481172675,3.9728214811726748,49.66026851465843,0,0
42,101,038000,42101038000,380,Census Tract 380,G5020,S,874362,7008,+40.0052447,-075.0814777,149000.0,0,1.5039301312067155,0.0,6146.328897126265,6.146328897126264,76.82911121407831,0,0
42,101,038100,42101038100,381,Census Tract 381,G5020,S,3322102,1644074,+40.0189334,-075.0399564,99200.0,0,8.4771188894365,0.0,4887.919611666982,4.887919611666982,61.09899514583727,0,0
42,101,001001,42101001001,10.01,Census Tract 10.01,G5020,S,229399,0,+39.9456722,-075.1516020,487600.0,0,0.3907562509307698,0.0,1608.6142167274018,1.6086142167274018,20.10767770909252,0,0
42,101,037300,42101037300,373,Census Tract 373,G5020,S,2597399,135359,+39.9024981,-075.1879361,440300.0,0,4.649546291049481,0.0,3322.734616037972,3.3227346160379723,41.53418270047465,0,0
42,101,037200,42101037200,372,Census Tract 372,G5020,S,1027185,0,+39.9129542,-075.1599458,282000.0,0,1.7480471122776238,0.0,2477.7003987940916,2.4777003987940915,30.971254984926144,0,0
42,101,038400,42101038400,384,Census Tract 384,G5020,S,2590560,0,+40.0712028,-075.2331122,341800.0,0,4.4288940009269,0.0,3170.5813192148225,3.1705813192148224,39.63226649018528,0,0
42,101,038600,42101038600,386,Census Tract 386,G5020,S,3310650,32074,+40.0582762,-075.2110913,784600.0,0,5.712627332506233,0.0,2231.116398801165,2.231116398801165,27.88895498501456,0,0
42,101,038500,42101038500,385,Census Tract 385,G5020,S,1344519,2576,+40.0753996,-075.2149466,746900.0,1,2.3033442196118528,0.43415134893234264,963.1960803520412,0.9631960803520412,12.039951004400516,0,1
42,101,025500,42101025500,255,Census Tract 255,G5020,S,766601,0,+40.0625796,-075.1840640,362800.0,0,1.310275753025184,0.0,855.8974989616763,0.8558974989616763,10.698718737020954,0,1
42,101,025600,42101025600,256,Census Tract 256,G5020,S,865284,1982,+40.0683411,-075.1883025,400600.0,0,1.4825268972312877,0.0,1152.1100334512219,1.1521100334512218,14.401375418140272,0,1
42,101,025700,42101025700,257,Census Tract 257,G5020,S,746915,0,+40.0724585,-075.1962817,447300.0,0,1.2769982005184322,0.0,1055.4406868419846,1.0554406868419846,13.193008585524808,0,1
42,101,025800,42101025800,258,Census Tract 258,G5020,S,586720,0,+40.0739801,-075.1823113,290500.0,0,1.003152123500997,0.0,2329.2143017281833,2.3292143017281832,29.11517877160229,0,0
42,101,025900,42101025900,259,Census Tract 259,G5020,S,549417,0,+40.0799254,-075.1759762,205100.0,0,0.9395375983025966,0.0,3315.8641932272863,3.315864193227286,41.448302415341075,0,0
42,101,017602,42101017602,176.02,Census Tract 176.02,G5020,S,400461,0,+39.9967182,-075.1305528,68500.0,0,0.6831510345553672,0.0,2043.2753362611468,2.043275336261147,25.540941703264334,0,0
42,101,017800,42101017800,178,Census Tract 178,G5020,S,662615,0,+39.9913752,-075.1173040,76500.0,0,1.130196238298107,0.0,1697.8103090363963,1.6978103090363963,21.222628862954956,0,0
42,101,017900,42101017900,179,Census Tract 179,G5020,S,714138,0,+39.9870535,-075.1139355,106800.0,0,1.2179254037525242,0.0,1650.9473958464578,1.6509473958464578,20.63684244808072,0,0
42,101,017701,42101017701,177.01,Census Tract 177.01,G5020,S,241053,0,+39.9964470,-075.1167526,56100.0,0,0.4112152789998085,0.0,2324.2630259477655,2.3242630259477655,29.05328782434707,0,0
42,101,035601,42101035601,356.01,Census Tract 356.01,G5020,S,2029700,12503,+40.0976749,-075.0375068,288800.0,0,3.4940028888500967,0.0,7751.270973012021,7.751270973012021,96.89088716265027,0,0
42,101,013402,42101013402,134.02,Census Tract 134.02,G5020,S,238612,0,+39.9653623,-075.1690326,601900.0,1,0.4066793387656186,2.4589397706686293,448.7110729616455,0.44871107296164553,5.608888412020569,1,1
42,101,013601,42101013601,136.01,Census Tract 136.01,G5020,S,175316,0,+39.9690103,-075.1787590,461100.0,0,0.2988406536838497,0.0,811.4302333253418,0.8114302333253418,10.142877916566771,0,1
42,101,015200,42101015200,152,Census Tract 152,G5020,S,669100,0,+39.9854546,-075.1700491,142900.0,0,1.1410580034474267,0.0,2010.06957992112,2.01006957992112,25.125869749014,0,0
42,101,018300,42101018300,183,Census Tract 183,G5020,S,1799320,124644,+39.9956035,-075.0746225,209000.0,0,3.28202728465187,0.0,6172.714451982588,6.172714451982588,77.15893064978235,0,0
42,101,018400,42101018400,184,Census Tract 184,G5020,S,1320285,998924,+40.0033336,-075.0629819,212000.0,0,3.956583032113897,0.0,7362.853438682993,7.362853438682993,92.03566798353742,0,0
42,101,019000,42101019000,190,Census Tract 190,G5020,S,778606,6099,+40.0095015,-075.0986136,123600.0,0,1.3391373937285183,0.0,5025.7387475543355,5.025738747554335,62.821734344429196,0,0
42,101,019100,42101019100,191,Census Tract 191,G5020,S,1439046,10674,+40.0090421,-075.1072110,144600.0,0,2.474044788885824,0.0,4532.891736287898,4.532891736287898,56.66114670359873,0,0
42,101,019200,42101019200,192,Census Tract 192,G5020,S,668236,0,+40.0006626,-075.1151056,94200.0,0,1.1400965084905517,0.0,2946.6284635681345,2.9466284635681346,36.832855794601684,0,0
42,101,019700,42101019700,197,Census Tract 197,G5020,S,450587,0,+40.0162799,-075.1379372,65700.0,0,0.769103207933134,0.0,4993.149495205376,4.993149495205376,62.41436869006721,0,0
42,101,019800,42101019800,198,Census Tract 198,G5020,S,540315,0,+40.0107190,-075.1421410,78900.0,0,0.9221104407452215,0.0,4360.236039333635,4.360236039333635,54.50295049167043,0,0
42,101,019900,42101019900,199,Census Tract 199,G5020,S,661885,0,+40.0048515,-075.1435463,76300.0,0,1.1293917144059569,0.0,3654.2674753139577,3.6542674753139575,45.678343441424474,0,0
42,101,020000,42101020000,200,Census Tract 200,G5020,S,316769,0,+40.0025312,-075.1508996,153800.0,0,0.5404756587224077,0.0,3855.755889493369,3.855755889493369,48.196948618667115,0,0
42,101,020200,42101020200,202,Census Tract 202,G5020,S,756812,0,+40.0081282,-075.1621608,90300.0,0,1.2914909145402358,0.0,4339.743094466896,4.339743094466896,54.2467886808362,0,0
42,101,020300,42101020300,203,Census Tract 203,G5020,S,508186,0,+40.0125819,-075.1495922,81600.0,0,0.8673234633849196,0.0,4963.354508559099,4.963354508559099,62.041931356988734,0,0
42,101,020400,42101020400,204,Census Tract 204,G5020,S,407373,0,+40.0198216,-075.1525117,99200.0,0,0.6954109151775509,0.0,5413.665521917745,5.4136655219177445,67.6708190239718,0,0
42,101,020500,42101020500,205,Census Tract 205,G5020,S,1429513,0,+40.0158738,-075.1643607,87100.0,0,2.4400051409404226,0.0,4032.859131409698,4.0328591314096975,50.410739142621225,0,0
42,101,020600,42101020600,206,Census Tract 206,G5020,S,1295909,56782,+40.0197999,-075.1827740,594700.0,0,2.309088389848866,0.0,2143.977433699251,2.1439774336992508,26.799717921240635,0,0
42,101,020800,42101020800,208,Census Tract 208,G5020,S,895387,0,+40.0213962,-075.1935432,157400.0,1,1.5285586083586908,0.6542110943811063,1364.491333966119,1.364491333966119,17.056141674576487,0,0
42,101,020900,42101020900,209,Census Tract 209,G5020,S,521767,35427,+40.0186576,-075.2089795,353500.0,0,0.9511290014943965,0.0,1166.395909745173,1.166395909745173,14.579948871814661,0,1
42,101,021000,42101021000,210,Census Tract 210,G5020,S,858218,55718,+40.0244730,-075.2151045,280100.0,1,1.5603574927338224,0.6408787759579064,526.0965714556478,0.5260965714556478,6.576207143195598,1,1
42,101,021100,42101021100,211,Census Tract 211,G5020,S,554014,0,+40.0263850,-075.2064504,281100.0,0,0.9459260321946574,0.0,1509.8402411344907,1.5098402411344907,18.873003014181133,0,0
42,101,021200,42101021200,212,Census Tract 212,G5020,S,515705,0,+40.0348390,-075.2125337,276900.0,0,0.8807286981817256,0.0,1954.1536461149913,1.9541536461149913,24.42692057643739,0,0
42,101,021400,42101021400,214,Census Tract 214,G5020,S,606692,55277,+40.0279290,-075.2240827,291400.0,0,1.1303127217106965,0.0,1044.9648870762112,1.0449648870762112,13.06206108845264,0,1
42,101,021500,42101021500,215,Census Tract 215,G5020,S,1004126,24008,+40.0357235,-075.2307530,319400.0,0,1.7558749053755334,0.0,2129.223387040257,2.129223387040257,26.61529233800321,0,0
42,101,015600,42101015600,156,Census Tract 156,G5020,S,429566,0,+39.9790066,-075.1418910,281700.0,0,0.7324331928025514,0.0,699.7672786779657,0.6997672786779657,8.747090983474571,1,1
42,101,015700,42101015700,157,Census Tract 157,G5020,S,485072,0,+39.9780454,-075.1355249,298800.0,2,0.8270426617220404,2.418254937218918,321.96177526416074,0.32196177526416075,4.024522190802009,1,1
42,101,015800,42101015800,158,Census Tract 158,G5020,S,580215,0,+39.9735773,-075.1294327,369200.0,0,0.9891344476213909,0.0,602.2675503748713,0.6022675503748713,7.528344379685892,1,1
42,101,016100,42101016100,161,Census Tract 161,G5020,S,707749,0,+39.9844577,-075.1275250,347800.0,1,1.2069438168424937,0.828538980891519,237.88937233300015,0.23788937233300014,2.973617154162502,1,1
42,101,016300,42101016300,163,Census Tract 163,G5020,S,572226,0,+39.9885061,-075.1339156,151800.0,0,0.9759428254997399,0.0,1076.8117764466886,1.0768117764466885,13.460147205583606,0,1
42,101,016400,42101016400,164,Census Tract 164,G5020,S,485081,0,+39.9896435,-075.1431669,110000.0,0,0.827329797541657,0.0,1986.2007533761807,1.9862007533761807,24.827509417202258,0,0
42,101,016500,42101016500,165,Census Tract 165,G5020,S,394661,0,+39.9890552,-075.1491727,81300.0,0,0.6731182448235149,0.0,2327.6397613056015,2.3276397613056017,29.095497016320017,0,0
42,101,016600,42101016600,166,Census Tract 166,G5020,S,261132,0,+39.9890491,-075.1536062,83400.0,0,0.4453726440579268,0.0,2647.266139420681,2.6472661394206813,33.090826742758516,0,0
42,101,016002,42101016002,160.02,Census Tract 160.02,G5020,S,391013,0,+39.9802781,-075.1247874,300300.0,0,0.6667293801856266,0.0,492.1934813930033,0.4921934813930033,6.152418517412541,1,1
42,101,016001,42101016001,160.01,Census Tract 160.01,G5020,S,330018,0,+39.9783182,-075.1212992,324200.0,0,0.5626807915006319,0.0,967.8891288630232,0.9678891288630231,12.09861411078779,0,1
42,101,039002,42101039002,390.02,Census Tract 390.02,G5020,S,1087570,0,+40.0323920,-075.0951695,188000.0,0,1.8572393523395587,0.0,8062.680465620125,8.062680465620124,100.78350582025156,0,0
42,101,018801,42101018801,188.01,Census Tract 188.01,G5020,S,411225,0,+39.9962925,-075.1080366,78100.0,0,0.701507645805117,0.0,2936.054193898269,2.9360541938982694,36.700677423728365,0,0
42,101,039001,42101039001,390.01,Census Tract 390.01,G5020,S,943337,0,+40.0413531,-075.0906431,142700.0,0,1.6112732813228154,0.0,8558.512918093464,8.558512918093463,106.98141147616829,0,0
42,101,004104,42101004104,41.04,Census Tract 41.04,G5020,S,201337,0,+39.9166943,-075.1603345,188200.0,0,0.3426689589937284,0.0,2032.0322047395414,2.0320322047395414,25.400402559244267,0,0
42,101,004103,42101004103,41.03,Census Tract 41.03,G5020,S,190517,0,+39.9192616,-075.1597758,196200.0,0,0.32428025705455626,0.0,1831.4951563949892,1.8314951563949893,22.893689454937366,0,0
42,101,000102,42101000102,1.02,Census Tract 1.02,G5020,S,444406,0,+39.9547160,-075.1465255,508100.0,1,0.7571984081420333,1.320657821314942,253.82331908020566,0.25382331908020567,3.172791488502571,1,1
42,101,001204,42101001204,12.04,Census Tract 12.04,G5020,S,206147,0,+39.9457155,-075.1683734,766400.0,0,0.35114884638818233,0.0,2627.6834835574323,2.627683483557432,32.8460435444679,0,0
42,101,020702,42101020702,207.02,Census Tract 207.02,G5020,S,799191,60259,+40.0135178,-075.1969296,359500.0,0,1.4668921527860865,0.0,376.26950060432165,0.3762695006043216,4.703368757554021,1,1
42,101,013702,42101013702,137.02,Census Tract 137.02,G5020,S,325261,0,+39.9767045,-075.1822810,274100.0,1,0.5545502034722692,1.8032632460299978,375.8875528929057,0.3758875528929057,4.698594411161322,1,1
42,101,020701,42101020701,207.01,Census Tract 207.01,G5020,S,625472,33771,+40.0113258,-075.1894871,325500.0,0,1.125105068596722,0.0,1225.5662321384573,1.2255662321384573,15.319577901730716,0,0
42,101,012502,42101012502,125.02,Census Tract 125.02,G5020,S,569430,32791,+39.9630170,-075.1758223,512900.0,0,1.0262987536022854,0.0,1281.5705497291574,1.2815705497291574,16.019631871614468,0,0
42,101,018802,42101018802,188.02,Census Tract 188.02,G5020,S,252066,0,+39.9991169,-075.1022288,76000.0,0,0.4300362700158584,0.0,3693.6978852172474,3.6936978852172473,46.17122356521559,0,0
42,101,014201,42101014201,142.01,Census Tract 142.01,G5020,S,290725,0,+39.9677174,-075.1432033,477100.0,0,0.49553742021478697,0.0,411.6284459609841,0.4116284459609841,5.145355574512301,1,1
42,101,014202,42101014202,142.02,Census Tract 142.02,G5020,S,514671,305265,+39.9622550,-075.1346335,583300.0,2,1.3974177979003337,1.4312111975424,221.9241126859608,0.2219241126859608,2.7740514085745103,1,1
42,101,000101,42101000101,1.01,Census Tract 1.01,G5020,S,351883,0,+39.9505460,-075.1468375,511400.0,0,0.5994835875626083,0.0,838.1480613172365,0.8381480613172365,10.476850766465457,0,1
42,101,000404,42101000404,4.04,Census Tract 4.04,G5020,S,164084,0,+39.9535379,-075.1707559,344900.0,0,0.2795642211928146,0.0,2028.22638087209,2.02822638087209,25.352829760901123,0,0
42,101,000403,42101000403,4.03,Census Tract 4.03,G5020,S,139616,0,+39.9530146,-075.1662733,933000.0,0,0.2378713073284094,0.0,1669.2098157451956,1.6692098157451956,20.865122696814943,0,0
42,101,000701,42101000701,7.01,Census Tract 7.01,G5020,S,140499,0,+39.9507010,-075.1689153,387100.0,0,0.23935779189450818,0.0,2113.1047657062463,2.1131047657062463,26.41380957132808,0,0
42,101,000805,42101000805,8.05,Census Tract 8.05,G5020,S,72237,0,+39.9487605,-075.1693486,560600.0,0,0.12306084187700118,0.0,2347.7091277925792,2.3477091277925792,29.34636409740724,0,0
42,101,000806,42101000806,8.06,Census Tract 8.06,G5020,S,73208,0,+39.9483711,-075.1661849,363800.0,0,0.12471258415865248,0.0,2171.8845558654407,2.1718845558654407,27.14855694831801,0,0
42,101,016901,42101016901,169.01,Census Tract 169.01,G5020,S,512906,0,+39.9930523,-075.1758394,61700.0,0,0.874884833597146,0.0,2771.7866239039836,2.7717866239039837,34.647332798799795,0,0
42,101,017000,42101017000,170,Census Tract 170,G5020,S,1571911,53598,+40.0078562,-075.1834444,184200.0,0,2.773881905150818,0.0,2247.7060877422255,2.2477060877422255,28.09632609677782,0,0
42,101,017100,42101017100,171,Census Tract 171,G5020,S,1140891,0,+40.0027449,-075.1763249,70900.0,0,1.9466131273696317,0.0,3120.805655784714,3.120805655784714,39.010070697308926,0,0
42,101,017202,42101017202,172.02,Census Tract 172.02,G5020,S,290610,0,+39.9986670,-075.1742061,64300.0,0,0.49578438652803075,0.0,3607.559217209002,3.607559217209002,45.09449021511252,0,0
42,101,027401,42101027401,274.01,Census Tract 274.01,G5020,S,326659,0,+40.0386049,-075.1286496,143600.0,0,0.5579361380890698,0.0,7493.555223793358,7.493555223793358,93.66944029741697,0,0
42,101,028901,42101028901,289.01,Census Tract 289.01,G5020,S,611259,0,+40.0170785,-075.1151943,111700.0,0,1.0433812397012625,0.0,5168.53764242637,5.1685376424263705,64.60672053032962,0,0
42,101,030501,42101030501,305.01,Census Tract 305.01,G5020,S,377375,0,+40.0428163,-075.0994351,144000.0,0,0.6446416275040371,0.0,9269.647119352841,9.269647119352841,115.87058899191052,0,0
42,101,008802,42101008802,88.02,Census Tract 88.02,G5020,S,395055,0,+39.9529471,-075.2027609,807500.0,0,0.6730789004945207,0.0,2553.7561873281684,2.5537561873281684,31.921952341602104,0,0
42,101,021600,42101021600,216,Census Tract 216,G5020,S,1991449,129204,+40.0441528,-075.2416354,351400.0,0,3.6223291733867566,0.0,3486.1890617444724,3.486189061744472,43.57736327180591,0,0
42,101,021700,42101021700,217,Census Tract 217,G5020,S,1559580,0,+40.0450277,-075.2239451,311100.0,0,2.664268203816775,0.0,3348.0528140588804,3.3480528140588803,41.850660175736,0,0
42,101,021900,42101021900,219,Census Tract 219,G5020,S,1410069,51091,+40.0505488,-075.2468962,274200.0,0,2.496573309148331,0.0,4996.888025188406,4.996888025188405,62.461100314855074,0,0
42,101,022000,42101022000,220,Census Tract 220,G5020,S,2913179,99558,+40.0563444,-075.2524010,382100.0,0,5.148843811132148,0.0,5530.428098982728,5.530428098982728,69.1303512372841,0,0
42,101,023100,42101023100,231,Census Tract 231,G5020,S,732749,1270,+40.0666637,-075.2038514,704700.0,0,1.2547202606757064,0.0,1295.9641169381034,1.2959641169381033,16.199551461726294,0,0
42,101,023500,42101023500,235,Census Tract 235,G5020,S,799347,0,+40.0394155,-075.2007897,497800.0,0,1.365323747564438,0.0,3102.407874390028,3.1024078743900283,38.78009842987535,0,0
42,101,023600,42101023600,236,Census Tract 236,G5020,S,978079,0,+40.0427146,-075.1946939,579100.0,0,1.6707689515385806,0.0,2445.240605019925,2.4452406050199254,30.565507562749065,0,0
42,101,023700,42101023700,237,Census Tract 237,G5020,S,1072974,0,+40.0487394,-075.1886069,348400.0,0,1.833185532491356,0.0,1533.4035143193669,1.533403514319367,19.167543928992085,0,0
42,101,023900,42101023900,239,Census Tract 239,G5020,S,486021,2705,+40.0339713,-075.1875115,217900.0,0,0.8346341821673087,0.0,3297.067179022323,3.2970671790223234,41.21333973777904,0,0
42,101,024000,42101024000,240,Census Tract 240,G5020,S,617080,0,+40.0280807,-075.1794623,312100.0,0,1.053647599145857,0.0,3141.3372993978137,3.1413372993978137,39.26671624247267,0,0
42,101,024100,42101024100,241,Census Tract 241,G5020,S,407855,0,+40.0332734,-075.1759175,312500.0,0,0.6965107049666341,0.0,3950.4197561304136,3.9504197561304135,49.38024695163017,0,0
42,101,014900,42101014900,149,Census Tract 149,G5020,S,453220,0,+39.9816503,-075.1804029,270600.0,0,0.7728200380586239,0.0,1059.7425400689567,1.0597425400689566,13.24678175086196,0,1
42,101,014700,42101014700,147,Census Tract 147,G5020,S,337677,0,+39.9785489,-075.1620244,537900.0,0,0.5757436508136301,0.0,1716.0187871983107,1.7160187871983108,21.450234839978883,0,0
42,101,014800,42101014800,148,Census Tract 148,G5020,S,191125,0,+39.9802047,-075.1691610,290000.0,0,0.32589211372000054,0.0,1552.9086060252405,1.5529086060252404,19.411357575315506,0,0
42,101,024200,42101024200,242,Census Tract 242,G5020,S,532060,0,+40.0285110,-075.1697086,214400.0,0,0.9084902671805344,0.0,4048.7051657784805,4.048705165778481,50.608814572231005,0,0
42,101,024300,42101024300,243,Census Tract 243,G5020,S,679034,0,+40.0215855,-075.1710376,172500.0,0,1.1592193224571155,0.0,3473.5407600923904,3.47354076009239,43.41925950115488,0,0
42,101,024500,42101024500,245,Census Tract 245,G5020,S,800999,0,+40.0333286,-075.1620463,93000.0,0,1.3679014649239851,0.0,4907.428590230312,4.907428590230312,61.3428573778789,0,0
42,101,024600,42101024600,246,Census Tract 246,G5020,S,621261,0,+40.0409623,-075.1729016,194400.0,0,1.0611147790852409,0.0,3632.6267525954977,3.6326267525954976,45.40783440744372,0,0
42,101,017300,42101017300,173,Census Tract 173,G5020,S,874587,0,+39.9985706,-075.1609337,56300.0,0,1.4920558037077651,0.0,4157.197560014702,4.157197560014701,51.96496950018377,0,0
42,101,017400,42101017400,174,Census Tract 174,G5020,S,353985,0,+39.9962138,-075.1503586,83800.0,0,0.6038587918215041,0.0,3185.129325997354,3.185129325997354,39.814116574966924,0,0
42,101,017500,42101017500,175,Census Tract 175,G5020,S,719916,6252,+39.9979150,-075.1429842,48500.0,0,1.238807698899719,0.0,2706.3528606840064,2.706352860684006,33.82941075855008,0,0
42,101,017601,42101017601,176.01,Census Tract 176.01,G5020,S,579128,0,+39.9939260,-075.1343448,74200.0,0,0.9878704560859578,0.0,1774.2220791482557,1.7742220791482557,22.177775989353197,0,0
42,101,024700,42101024700,247,Census Tract 247,G5020,S,941266,0,+40.0417034,-075.1645311,123300.0,0,1.607835715430646,0.0,3838.9459521949666,3.8389459521949667,47.98682440243708,0,0
42,101,024900,42101024900,249,Census Tract 249,G5020,S,325196,0,+40.0511009,-075.1601167,121800.0,0,0.555642892420047,0.0,3566.2909345957755,3.5662909345957754,44.5786366824472,0,0
42,101,025200,42101025200,252,Census Tract 252,G5020,S,952424,0,+40.0468352,-075.1771588,147600.0,0,1.6271328056142287,0.0,2321.82067747306,2.32182067747306,29.02275846841325,0,0
42,101,025400,42101025400,254,Census Tract 254,G5020,S,769759,0,+40.0604202,-075.1760718,279200.0,0,1.3155901995408517,0.0,1600.0377878731383,1.6000377878731382,20.000472348414227,0,0
42,101,001302,42101001302,13.02,Census Tract 13.02,G5020,S,556886,60583,+39.9435771,-075.1851119,586900.0,0,1.0517297194090771,0.0,917.4307196348984,0.9174307196348984,11.46788399543623,0,1
42,101,013701,42101013701,137.01,Census Tract 137.01,G5020,S,264473,0,+39.9779769,-075.1866322,384700.0,0,0.4509233081567852,0.0,831.1321164434814,0.8311321164434814,10.389151455543518,0,1
42,101,001301,42101001301,13.01,Census Tract 13.01,G5020,S,170288,0,+39.9408055,-075.1820557,496800.0,0,0.29002941056396947,0.0,966.4932223312015,0.9664932223312015,12.08116527914002,0,1
42,101,000702,42101000702,7.02,Census Tract 7.02,G5020,S,106191,7087,+39.9514178,-075.1778219,250600.0,0,0.19299253446491585,0.0,2408.5918775119285,2.4085918775119284,30.107398468899106,0,0
42,101,038301,42101038301,383.01,Census Tract 383.01,G5020,S,753750,0,+40.0119572,-075.1332197,73300.0,0,1.2864156124162773,0.0,4277.519798611312,4.277519798611312,53.4689974826414,0,0
42,101,014600,42101014600,146,Census Tract 146,G5020,S,445048,0,+39.9764305,-075.1546990,239600.0,0,0.758770927735125,0.0,1827.8411073490627,1.8278411073490626,22.848013841863285,0,0
42,101,039100,42101039100,391,Census Tract 391,G5020,S,1119799,133239,+39.9332720,-075.2132103,112000.0,0,2.13364279423162,0.0,2650.5962765202753,2.6505962765202753,33.13245345650344,0,0
42,101,036700,42101036700,367,Census Tract 367,G5020,S,729908,0,+39.9611378,-075.1438094,621400.0,0,1.243870731425953,0.0,814.7148603108241,0.8147148603108241,10.1839357538853,0,1
42,101,037800,42101037800,378,Census Tract 378,G5020,S,3764033,1907950,+39.9805802,-075.0956845,277400.0,0,9.671125670128426,0.0,3671.660747692754,3.6716607476927536,45.89575934615942,0,0
42,101,037600,42101037600,376,Census Tract 376,G5020,S,694156,0,+39.9599940,-075.1553299,384500.0,1,1.1829096431481363,0.8453731067223784,102.46780690003321,0.10246780690003321,1.2808475862504152,1,1
42,101,014500,42101014500,145,Census Tract 145,G5020,S,321465,0,+39.9760715,-075.1484189,243200.0,0,0.5480626450827026,0.0,1283.649306681671,1.283649306681671,16.04561633352089,0,0
42,101,031200,42101031200,312,Census Tract 312,G5020,S,383593,0,+40.0356731,-075.0773389,140800.0,0,0.6551267153609156,0.0,6996.045868774069,6.996045868774069,87.45057335967587,0,0
42,101,021800,42101021800,218,Census Tract 218,G5020,S,1006008,0,+40.0575323,-075.2323589,317900.0,0,1.719214258537784,0.0,3970.171490677053,3.970171490677053,49.62714363346316,0,0
42,101,009100,42101009100,91,Census Tract 91,G5020,S,425574,0,+39.9594179,-075.1977245,435800.0,0,0.7252145671004127,0.0,2871.091446817611,2.871091446817611,35.88864308522014,0,0
42,101,033600,42101033600,336,Census Tract 336,G5020,S,1153470,0,+40.0614797,-075.0592347,244000.0,0,1.9714449929764444,0.0,5316.65650863432,5.31665650863432,66.458206357929,0,0
42,101,004202,42101004202,42.02,Census Tract 42.02,G5020,S,453345,0,+39.9168570,-075.1516284,233200.0,0,0.7715844635260335,0.0,2779.7750519446327,2.7797750519446325,34.74718814930791,0,0
42,101,016800,42101016800,168,Census Tract 168,G5020,S,581132,0,+39.9917812,-075.1676550,57400.0,0,0.9912235417829494,0.0,2925.5952878069074,2.9255952878069076,36.569941097586344,0,0
42,101,007000,42101007000,70,Census Tract 70,G5020,S,469586,0,+39.9351858,-075.2214706,85900.0,0,0.7996507007730987,0.0,3521.9528281024172,3.521952828102417,44.02441035128022,0,0
42,101,029100,42101029100,291,Census Tract 291,G5020,S,1316903,17180,+40.0374996,-075.1067520,142100.0,0,2.278471159808275,0.0,8074.510770669247,8.074510770669248,100.93138463336558,0,0
42,101,980100,42101980100,9801,Census Tract 9801,G5020,S,5340607,241115,+40.0474849,-075.2126506,601900.0,0,9.535973309506229,0.0,2978.2410620859264,2.9782410620859263,37.22801327607408,0,0
42,101,021300,42101021300,213,Census Tract 213,G5020,S,538872,0,+40.0322339,-075.2181174,278200.0,0,0.9202238176478785,0.0,1443.8121447916235,1.4438121447916235,18.047651809895292,0,0
42,101,030000,42101030000,300,Census Tract 300,G5020,S,910853,0,+40.0186719,-075.0780880,126200.0,0,1.5548420345298748,0.0,7591.967136113847,7.591967136113847,94.89958920142308,0,0
42,101,013300,42101013300,133,Census Tract 133,G5020,S,357932,0,+39.9666126,-075.1629455,376400.0,0,0.6100718926040433,0.0,311.03137182669144,0.31103137182669144,3.887892147833643,1,1
42,101,026100,42101026100,261,Census Tract 261,G5020,S,649365,0,+40.0704645,-075.1755189,262700.0,0,1.1101511523064898,0.0,2326.6969748102033,2.3266969748102033,29.083712185127542,0,0
42,101,026200,42101026200,262,Census Tract 262,G5020,S,555958,0,+40.0664940,-075.1692176,207500.0,0,0.9503565386795723,0.0,2581.3539725398387,2.5813539725398384,32.26692465674798,0,0
42,101,026302,42101026302,263.02,Census Tract 263.02,G5020,S,704112,0,+40.0687425,-075.1571945,194900.0,0,1.203680002562853,0.0,3943.9378999945343,3.9439378999945345,49.29922374993168,0,0
42,101,026400,42101026400,264,Census Tract 264,G5020,S,796819,0,+40.0625462,-075.1620066,190600.0,0,1.3619154693854962,0.0,3193.2023855440148,3.193202385544015,39.91502981930019,0,0
42,101,026500,42101026500,265,Census Tract 265,G5020,S,545961,0,+40.0587255,-075.1546921,159300.0,0,0.9330477771305303,0.0,3970.701386103337,3.970701386103337,49.63376732629171,0,0
42,101,026600,42101026600,266,Census Tract 266,G5020,S,912763,0,+40.0634823,-075.1473352,157200.0,0,1.560140198835162,0.0,4829.415588556267,4.829415588556267,60.367694856953335,0,0
42,101,026700,42101026700,267,Census Tract 267,G5020,S,644274,0,+40.0547548,-075.1479259,147900.0,0,1.1009396354312757,0.0,4767.321760547104,4.767321760547103,59.591522006838794,0,0
42,101,026900,42101026900,269,Census Tract 269,G5020,S,614685,0,+40.0556007,-075.1324048,296300.0,0,1.0504092354044214,0.0,6472.283453234387,6.472283453234387,80.90354316542984,0,0
42,101,027100,42101027100,271,Census Tract 271,G5020,S,372281,39344,+40.0484793,-075.1263611,157400.0,0,0.7032879936590865,0.0,7377.881956680586,7.377881956680586,92.22352445850733,0,0
42,101,027200,42101027200,272,Census Tract 272,G5020,S,679047,408,+40.0472339,-075.1180889,171300.0,0,1.160812153115301,0.0,8253.991229895422,8.253991229895423,103.17489037369278,0,0
42,101,027300,42101027300,273,Census Tract 273,G5020,S,938006,6986,+40.0377547,-075.1189432,123200.0,0,1.6140588228636388,0.0,8176.072325419543,8.176072325419543,102.20090406774429,0,0
42,101,036201,42101036201,362.01,Census Tract 362.01,G5020,S,1031927,15195,+40.0820300,-074.9868079,239200.0,0,1.7907432542264103,0.0,6188.48752768282,6.1884875276828195,77.35609409603525,0,0
42,101,036202,42101036202,362.02,Census Tract 362.02,G5020,S,1102852,2329,+40.0838623,-074.9781805,261100.0,0,1.890159914575602,0.0,6920.109603001321,6.920109603001321,86.50137003751652,0,0
42,101,027700,42101027700,277,Census Tract 277,G5020,S,543126,0,+40.0505407,-075.1512097,121700.0,0,0.9279833544019211,0.0,4535.998100402518,4.535998100402518,56.69997625503147,0,0
42,101,027800,42101027800,278,Census Tract 278,G5020,S,724987,0,+40.0425290,-075.1471612,142000.0,0,1.2384218389316664,0.0,5384.9158416861765,5.384915841686176,67.31144802107721,0,0
42,101,028000,42101028000,280,Census Tract 280,G5020,S,718347,0,+40.0261190,-075.1546481,93100.0,0,1.2264906309310348,0.0,5413.341887619385,5.413341887619384,67.6667735952423,0,0
42,101,027600,42101027600,276,Census Tract 276,G5020,S,658885,0,+40.0429674,-075.1393068,143600.0,0,1.1255230587536966,0.0,6153.497682777723,6.153497682777723,76.91872103472153,0,0
42,101,028200,42101028200,282,Census Tract 282,G5020,S,855786,0,+40.0348703,-075.1403325,112200.0,0,1.4615292538662576,0.0,6597.325983321349,6.5973259833213485,82.46657479151686,0,0
42,101,028400,42101028400,284,Census Tract 284,G5020,S,492492,0,+40.0251574,-075.1381289,89500.0,0,0.8408498738786409,0.0,6260.426286837091,6.260426286837091,78.25532858546363,0,0
42,101,028500,42101028500,285,Census Tract 285,G5020,S,258296,0,+40.0288851,-075.1337095,131500.0,0,0.4410441693091361,0.0,6727.106244874023,6.727106244874023,84.0888280609253,0,0
42,101,028600,42101028600,286,Census Tract 286,G5020,S,666562,0,+40.0288604,-075.1276101,119800.0,0,1.138167573780279,0.0,6690.17000730964,6.69017000730964,83.6271250913705,0,0
42,101,028700,42101028700,287,Census Tract 287,G5020,S,384526,0,+40.0221385,-075.1313206,95600.0,0,0.6564561457633851,0.0,5727.167243469942,5.7271672434699425,71.58959054337427,0,0
42,101,029000,42101029000,290,Census Tract 290,G5020,S,773393,9535,+40.0308490,-075.1171388,116500.0,0,1.3369257497079705,0.0,7032.720004210378,7.032720004210378,87.90900005262972,0,0
42,101,029300,42101029300,293,Census Tract 293,G5020,S,685583,9747,+40.0140522,-075.0919930,72300.0,0,1.1867672446663444,0.0,6008.786727344777,6.008786727344777,75.10983409180972,0,0
42,101,029400,42101029400,294,Census Tract 294,G5020,S,647650,2470,+40.0094620,-075.0859621,81500.0,0,1.1094631577584328,0.0,6087.273431926292,6.087273431926292,76.09091789907865,0,0
42,101,036203,42101036203,362.03,Census Tract 362.03,G5020,S,1532105,1401,+40.0760921,-074.9742967,266000.0,0,2.6221417255428365,0.0,6460.54831127068,6.46054831127068,80.75685389088349,0,0
42,101,009801,42101009801,98.01,Census Tract 98.01,G5020,S,297978,0,+39.9775172,-075.2665972,172400.0,0,0.5080496675754188,0.0,8399.115452422084,8.399115452422084,104.98894315527605,0,0
42,101,007101,42101007101,71.01,Census Tract 71.01,G5020,S,253257,0,+39.9381580,-075.2249984,103200.0,0,0.43130187419180366,0.0,3885.8388338840005,3.8858388338840006,48.57298542355001,0,0
42,101,002801,42101002801,28.01,Census Tract 28.01,G5020,S,222950,0,+39.9289729,-075.1568319,338000.0,0,0.37958823188301777,0.0,1824.639435856418,1.824639435856418,22.807992948205225,0,0
42,101,029800,42101029800,298,Census Tract 298,G5020,S,649154,0,+40.0159528,-075.0678013,111400.0,0,1.1080306156759017,0.0,7238.842845977967,7.238842845977967,90.4855355747246,0,0
42,101,029900,42101029900,299,Census Tract 299,G5020,S,591446,0,+40.0131465,-075.0747147,103700.0,0,1.009446508514944,0.0,7362.356699200249,7.362356699200249,92.02945874000311,0,0
42,101,030100,42101030100,301,Census Tract 301,G5020,S,725114,0,+40.0204947,-075.0885046,173000.0,0,1.2378485155161147,0.0,7000.284830570172,7.0002848305701715,87.50356038212715,0,0
42,101,030200,42101030200,302,Census Tract 302,G5020,S,901714,0,+40.0259863,-075.0823128,139500.0,0,1.5395697764700171,0.0,7939.467165273904,7.939467165273904,99.2433395659238,0,0
42,101,030600,42101030600,306,Census Tract 306,G5020,S,1007764,0,+40.0504920,-075.0943787,179800.0,0,1.7218641299537012,0.0,8753.788987357324,8.753788987357323,109.42236234196655,0,0
42,101,036301,42101036301,363.01,Census Tract 363.01,G5020,S,2409454,5442,+40.0895349,-074.9667387,255700.0,0,4.130807076245488,0.0,8494.521643188245,8.494521643188245,106.18152053985307,0,0
42,101,036302,42101036302,363.02,Census Tract 363.02,G5020,S,520968,0,+40.0972506,-074.9805678,223100.0,0,0.8913378262778694,0.0,8430.882633816575,8.430882633816575,105.38603292270719,0,0
42,101,036303,42101036303,363.03,Census Tract 363.03,G5020,S,2556620,4141,+40.1089700,-074.9700361,268500.0,0,4.382272913480306,0.0,9998.98805101244,9.998988051012441,124.98735063765551,0,0
42,101,036400,42101036400,364,Census Tract 364,G5020,S,4512446,8107,+40.1127754,-074.9789088,421500.0,0,7.737881942710127,0.0,10268.532078693412,10.268532078693411,128.35665098366763,0,0
42,101,030700,42101030700,307,Census Tract 307,G5020,S,655249,0,+40.0573156,-075.0885519,210700.0,0,1.1197784993823774,0.0,8246.373627894547,8.246373627894547,103.07967034868184,0,0
42,101,030800,42101030800,308,Census Tract 308,G5020,S,795704,0,+40.0547831,-075.0819056,215500.0,0,1.359709172460024,0.0,7451.001997652906,7.451001997652906,93.13752497066132,0,0
42,101,030900,42101030900,309,Census Tract 309,G5020,S,644878,0,+40.0437648,-075.0851908,170400.0,0,1.1016227653476829,0.0,7713.6213313649305,7.713621331364931,96.42026664206163,0,0
42,101,031000,42101031000,310,Census Tract 310,G5020,S,1063414,0,+40.0497293,-075.0744541,253400.0,0,1.8169012639148467,0.0,6533.901014244272,6.533901014244272,81.67376267805341,0,0
42,101,031300,42101031300,313,Census Tract 313,G5020,S,688086,0,+40.0394028,-075.0700057,177200.0,0,1.175281950680762,0.0,6092.586707978408,6.092586707978408,76.15733384973011,0,0
42,101,031600,42101031600,316,Census Tract 316,G5020,S,731130,0,+40.0327041,-075.0591550,194300.0,0,1.2485589343242658,0.0,5183.143918608879,5.183143918608879,64.78929898261099,0,0
42,101,031700,42101031700,317,Census Tract 317,G5020,S,889536,0,+40.0306548,-075.0683942,171200.0,0,1.5189850103732256,0.0,6249.4081318768085,6.249408131876809,78.11760164846011,0,0
42,101,031800,42101031800,318,Census Tract 318,G5020,S,509349,0,+40.0312941,-075.0771327,137700.0,0,0.8697849183468469,0.0,7138.000710830758,7.138000710830759,89.22500888538448,0,0
42,101,032000,42101032000,320,Census Tract 320,G5020,S,680731,0,+40.0271745,-075.0548600,163800.0,0,1.1623050260807755,0.0,5123.7339569969645,5.123733956996965,64.04667446246205,0,0
42,101,032100,42101032100,321,Census Tract 321,G5020,S,552925,0,+40.0170175,-075.0589752,177800.0,0,0.9438044326175997,0.0,6379.47408493326,6.3794740849332605,79.74342606166576,0,0
42,101,032500,42101032500,325,Census Tract 325,G5020,S,839319,0,+40.0263918,-075.0452561,180800.0,0,1.4330450634436585,0.0,4332.765955171819,4.332765955171819,54.159574439647734,0,0
42,101,032600,42101032600,326,Census Tract 326,G5020,S,809320,0,+40.0302727,-075.0396256,172300.0,0,1.3819927485120307,0.0,3489.5765591611375,3.4895765591611374,43.61970698951422,0,0
42,101,032900,42101032900,329,Census Tract 329,G5020,S,922923,10049,+40.0382801,-075.0250094,184800.0,0,1.5934689575665908,0.0,1712.8217659618172,1.7128217659618172,21.410272074522716,0,0
42,101,033000,42101033000,330,Census Tract 330,G5020,S,733440,0,+40.0335999,-075.0338545,178900.0,0,1.2525351063919319,0.0,2687.946310789492,2.687946310789492,33.599328884868655,0,0
42,101,033300,42101033300,333,Census Tract 333,G5020,S,1073385,0,+40.0550625,-075.0442660,272300.0,0,1.8342286340987672,0.0,3414.8186744866443,3.4148186744866442,42.685233431083056,0,0
42,101,033400,42101033400,334,Census Tract 334,G5020,S,1136240,0,+40.0536218,-075.0531814,239600.0,0,1.9415548555853908,0.0,4288.660343264148,4.288660343264148,53.608254290801845,0,0
42,101,033800,42101033800,338,Census Tract 338,G5020,S,1400214,0,+40.0626481,-075.0736440,237300.0,0,2.393247457036108,0.0,6861.999794408176,6.861999794408176,85.7749974301022,0,0
42,101,033900,42101033900,339,Census Tract 339,G5020,S,1140699,0,+40.0685547,-075.0873392,266000.0,0,1.9500200664795517,0.0,8595.736581142819,8.59573658114282,107.44670726428524,0,0
42,101,034000,42101034000,340,Census Tract 340,G5020,S,763894,729,+40.0711759,-075.0735007,293500.0,0,1.3072234409383323,0.0,7361.724442171728,7.361724442171727,92.0215555271466,0,0
42,101,034100,42101034100,341,Census Tract 341,G5020,S,1338392,0,+40.0763658,-075.0806955,259000.0,0,2.2885025183035466,0.0,8451.182456360808,8.451182456360808,105.6397807045101,0,0
42,101,034200,42101034200,342,Census Tract 342,G5020,S,1237805,0,+40.0842604,-075.0718235,307100.0,0,2.116994592791494,0.0,8344.164779494691,8.344164779494692,104.30205974368364,0,0
42,101,034400,42101034400,344,Census Tract 344,G5020,S,3419032,13905,+40.0944312,-075.0558572,340100.0,0,5.872964015150495,0.0,8206.447242395398,8.206447242395397,102.58059052994247,0,0
42,101,034701,42101034701,347.01,Census Tract 347.01,G5020,S,1148286,57,+40.0645576,-075.0329783,246700.0,0,1.9629010475661062,0.0,3379.520356087002,3.379520356087002,42.24400445108752,0,0
42,101,008602,42101008602,86.02,Census Tract 86.02,G5020,S,369141,0,+39.9569725,-075.2167030,447400.0,0,0.6290035231148817,0.0,4017.329984170618,4.017329984170618,50.21662480213273,0,0
42,101,009802,42101009802,98.02,Census Tract 98.02,G5020,S,613208,0,+39.9745848,-075.2678779,180700.0,0,1.0454213598442832,0.0,8820.827957812622,8.820827957812622,110.26034947265778,0,0
42,101,037500,42101037500,375,Census Tract 375,G5020,S,1033282,1496,+39.9840699,-075.2551922,251900.0,0,1.7646249275293218,0.0,6784.545071763505,6.784545071763505,84.80681339704381,0,0
42,101,018001,42101018001,180.01,Census Tract 180.01,G5020,S,387384,0,+39.9810569,-075.1128000,213700.0,0,0.6605475525351817,0.0,1678.6162283210151,1.678616228321015,20.98270285401269,0,0
42,101,011000,42101011000,110,Census Tract 110,G5020,S,508471,0,+39.9735487,-075.2059010,107200.0,0,0.8668282185497627,0.0,2791.8652494754406,2.791865249475441,34.89831561844301,0,0
42,101,011100,42101011100,111,Census Tract 111,G5020,S,1301617,0,+39.9752012,-075.2215750,91800.0,0,2.2190725822335415,0.0,4535.778560551334,4.535778560551334,56.69723200689167,0,0
42,101,011300,42101011300,113,Census Tract 113,G5020,S,335526,0,+39.9786589,-075.2353332,122800.0,0,0.5720849516036042,0.0,6097.72277007397,6.09772277007397,76.22153462592463,0,0
42,101,011400,42101011400,114,Census Tract 114,G5020,S,972947,0,+39.9807388,-075.2440178,201800.0,0,1.659004293391874,0.0,6656.856469968185,6.656856469968185,83.21070587460231,0,0
42,101,011500,42101011500,115,Census Tract 115,G5020,S,370456,0,+39.9773687,-075.2518303,157700.0,0,0.6316184514091561,0.0,7488.9274264154155,7.488927426415415,93.61159283019269,0,0
42,101,011800,42101011800,118,Census Tract 118,G5020,S,914502,0,+39.9852922,-075.2357403,185400.0,0,1.5595614533484052,0.0,5692.004432693989,5.692004432693989,71.15005540867486,0,0
42,101,011900,42101011900,119,Census Tract 119,G5020,S,690906,0,+39.9861159,-075.2288441,121900.0,0,1.17827130169832,0.0,5097.850069970942,5.097850069970942,63.72312587463678,0,0
42,101,012000,42101012000,120,Census Tract 120,G5020,S,600670,0,+39.9955322,-075.2297466,421700.0,0,1.024663046548827,0.0,4075.3334591832095,4.075333459183209,50.94166823979012,0,0
42,101,012100,42101012100,121,Census Tract 121,G5020,S,876796,5378,+39.9964998,-075.2223795,243700.0,0,1.5048904679738266,0.0,3563.3938777822395,3.5633938777822394,44.542423472277996,0,0
42,101,013100,42101013100,131,Census Tract 131,G5020,S,322156,0,+39.9651312,-075.1507381,357900.0,0,0.549066428170802,0.0,808.6723909583383,0.8086723909583383,10.108404886979228,0,1
42,101,013500,42101013500,135,Census Tract 135,G5020,S,404892,0,+39.9693564,-075.1700367,484400.0,0,0.6901649114064148,0.0,588.166820973339,0.5881668209733389,7.352085262166737,1,1
42,101,003002,42101003002,30.02,Census Tract 30.02,G5020,S,226952,0,+39.9327263,-075.1711915,364900.0,0,0.3864425192045588,0.0,883.7273780415718,0.8837273780415718,11.046592225519648,0,1
42,101,031401,42101031401,314.01,Census Tract 314.01,G5020,S,594849,0,+40.0457134,-075.0665728,187900.0,0,1.016215084100604,0.0,5634.328903809359,5.634328903809359,70.42911129761698,0,0
42,101,013401,42101013401,134.01,Census Tract 134.01,G5020,S,164058,0,+39.9659574,-075.1752507,622200.0,0,0.27962006033818465,0.0,1078.2021939693147,1.0782021939693147,13.477527424616435,0,1
42,101,018002,42101018002,180.02,Census Tract 180.02,G5020,S,439791,0,+39.9836344,-075.1067096,168900.0,0,0.7499665414591852,0.0,2339.7573835239064,2.3397573835239065,29.24696729404883,0,0
42,101,013800,42101013800,138,Census Tract 138,G5020,S,341257,0,+39.9764504,-075.1771771,265000.0,0,0.5818076176827581,0.0,508.4924887839109,0.508492488783911,6.356156109798887,1,1
42,101,013900,42101013900,139,Census Tract 139,G5020,S,562937,0,+39.9750563,-075.1711846,256700.0,0,0.9597245827365011,0.0,1079.9812184463285,1.0799812184463284,13.499765230579106,0,1
42,101,014100,42101014100,141,Census Tract 141,G5020,S,562140,0,+39.9708770,-075.1524555,332500.0,0,0.9582455113273525,0.0,1510.4607789427062,1.5104607789427063,18.880759736783826,0,0
42,101,035701,42101035701,357.01,Census Tract 357.01,G5020,S,598633,718,+40.1095846,-075.0286811,262100.0,0,1.0258091292365703,0.0,9313.79556489843,9.31379556489843,116.42244456123038,0,0
42,101,035702,42101035702,357.02,Census Tract 357.02,G5020,S,1559150,0,+40.1130914,-075.0374316,276000.0,0,2.6688293748419207,0.0,10047.654019922586,10.047654019922586,125.59567524903233,0,0
42,101,033701,42101033701,337.01,Census Tract 337.01,G5020,S,971971,0,+40.0673026,-075.0483163,241500.0,0,1.661521027766578,0.0,4749.96975234516,4.74996975234516,59.374621904314495,0,0
42,101,033702,42101033702,337.02,Census Tract 337.02,G5020,S,1057801,0,+40.0707532,-075.0578213,233900.0,0,1.80842133384072,0.0,5887.577691044674,5.887577691044674,73.59472113805842,0,0
42,101,020102,42101020102,201.02,Census Tract 201.02,G5020,S,373023,0,+40.0111417,-075.1545685,117100.0,0,0.6366153905947058,0.0,5086.735548040341,5.086735548040341,63.58419435050426,0,0
42,101,031101,42101031101,311.01,Census Tract 311.01,G5020,S,349649,0,+40.0422496,-075.0785449,144100.0,0,0.5972710204739277,0.0,6988.3287469874085,6.988328746987409,87.3541093373426,0,0
42,101,031102,42101031102,311.02,Census Tract 311.02,G5020,S,398109,0,+40.0370846,-075.0833744,149200.0,0,0.679942250300046,0.0,7615.933127442323,7.615933127442323,95.19916409302904,0,0
42,101,019502,42101019502,195.02,Census Tract 195.02,G5020,S,370299,0,+40.0034030,-075.1300445,75000.0,0,0.6318264902369446,0.0,3001.224810060482,3.001224810060482,37.515310125756024,0,0
42,101,019501,42101019501,195.01,Census Tract 195.01,G5020,S,393883,0,+40.0004303,-075.1316227,96400.0,0,0.6720089147578447,0.0,2594.8559855329736,2.594855985532974,32.43569981916217,0,0
42,101,028902,42101028902,289.02,Census Tract 289.02,G5020,S,810472,17644,+40.0216105,-075.1116877,97300.0,0,1.4137587916238417,0.0,5998.919157555654,5.998919157555655,74.98648946944567,0,0
42,101,033101,42101033101,331.01,Census Tract 331.01,G5020,S,486948,0,+40.0403093,-075.0379504,218400.0,0,0.8317564853128449,0.0,2584.5597978447454,2.5845597978447454,32.30699747305932,0,0
42,101,033102,42101033102,331.02,Census Tract 331.02,G5020,S,719269,0,+40.0451086,-075.0272928,208700.0,0,1.2287492050515518,0.0,1268.3457324229896,1.2683457324229896,15.85432165528737,0,0
42,101,031501,42101031501,315.01,Census Tract 315.01,G5020,S,587249,0,+40.0365919,-075.0481641,236700.0,0,1.002967629394473,0.0,3837.6693833881104,3.8376693833881106,47.97086729235138,0,0
42,101,001102,42101001102,11.02,Census Tract 11.02,G5020,S,204063,0,+39.9442654,-075.1566960,775500.0,0,0.34758604350767436,0.0,2024.5099971219265,2.0245099971219265,25.30637496402408,0,0
42,101,000803,42101000803,8.03,Census Tract 8.03,G5020,S,152822,0,+39.9493748,-075.1742489,744300.0,0,0.2603422799446339,0.0,2388.0951771457485,2.3880951771457486,29.851189714321855,0,0
42,101,017201,42101017201,172.01,Census Tract 172.01,G5020,S,262958,0,+39.9993972,-075.1686145,53700.0,0,0.4486229082881538,0.0,3883.6275998056412,3.8836275998056413,48.54534499757052,0,0
42,101,008601,42101008601,86.01,Census Tract 86.01,G5020,S,252482,0,+39.9537341,-075.2165929,441700.0,0,0.43017649681456216,0.0,3706.125969159781,3.706125969159781,46.32657461449726,0,0
42,101,037700,42101037700,377,Census Tract 377,G5020,S,736880,0,+39.9824381,-075.1506931,204200.0,0,1.2565373256171108,0.0,1792.2441225696612,1.7922441225696613,22.403051532120763,0,0
42,101,010700,42101010700,107,Census Tract 107,G5020,S,461045,0,+39.9687505,-075.2069416,120100.0,0,0.7858692711378079,0.0,3017.41024698506,3.01741024698506,37.71762808731325,0,0
42,101,010800,42101010800,108,Census Tract 108,G5020,S,585732,0,+39.9660217,-075.1989890,257200.0,0,0.9983160629238688,0.0,2355.408975098488,2.355408975098488,29.4426121887311,0,0
42,101,010600,42101010600,106,Census Tract 106,G5020,S,265467,0,+39.9646327,-075.2079213,120100.0,0,0.4524400762523762,0.0,3329.137594788901,3.329137594788901,41.61421993486126,0,0
42,101,005400,42101005400,54,Census Tract 54,G5020,S,1846263,530013,+39.8886712,-075.2523536,209600.0,0,4.040992002838312,0.0,10302.839706187648,10.302839706187648,128.78549632734558,0,0
42,101,005500,42101005500,55,Census Tract 55,G5020,S,1168597,12010,+39.9074191,-075.2489174,174700.0,0,2.0087895524382717,0.0,7847.977600736339,7.847977600736339,98.09972000920423,0,0
42,101,005600,42101005600,56,Census Tract 56,G5020,S,840413,0,+39.8988328,-075.2447347,150400.0,0,1.429622527310008,0.0,8354.07306303176,8.354073063031759,104.42591328789699,0,0
42,101,000500,42101000500,5,Census Tract 5,G5020,S,428760,0,+39.9519533,-075.1581771,453300.0,0,0.7304891371006532,0.0,1312.414297064305,1.312414297064305,16.405178713303812,0,0
42,101,034803,42101034803,348.03,Census Tract 348.03,G5020,S,1271528,8028,+40.0619780,-075.0024780,256000.0,0,2.1869583497598697,0.0,2710.685164728706,2.7106851647287056,33.88356455910882,0,0
42,101,006000,42101006000,60,Census Tract 60,G5020,S,1071395,0,+39.9115855,-075.2382191,153100.0,0,1.8232135511259584,0.0,6612.354787092029,6.61235478709203,82.65443483865036,0,0
42,101,006100,42101006100,61,Census Tract 61,G5020,S,535234,0,+39.9149909,-075.2288106,131100.0,0,0.9109000097143503,0.0,5478.258458003227,5.478258458003227,68.47823072504033,0,0
42,101,006300,42101006300,63,Census Tract 63,G5020,S,555597,0,+39.9210844,-075.2399761,76600.0,0,0.9457294896840287,0.0,6088.632716737105,6.088632716737105,76.1079089592138,0,0
42,101,006400,42101006400,64,Census Tract 64,G5020,S,642367,16085,+39.9251805,-075.2428396,99300.0,0,1.1209486615516517,0.0,6078.718740298764,6.078718740298764,75.98398425373455,0,0
42,101,026800,42101026800,268,Census Tract 268,G5020,S,774267,0,+40.0555493,-075.1399290,204300.0,0,1.3231033000001313,0.0,5638.555739448402,5.638555739448402,70.48194674310503,0,0
42,101,014400,42101014400,144,Census Tract 144,G5020,S,609443,0,+39.9722286,-075.1400952,445700.0,0,1.0389209045988372,0.0,664.992957806207,0.6649929578062069,8.312411972577587,1,1
42,101,036600,42101036600,366,Census Tract 366,G5020,S,1150251,1548489,+39.9469291,-075.1404797,505900.0,0,4.596632095057446,0.0,2180.846484465403,2.180846484465403,27.26058105581754,0,0
42,101,012204,42101012204,122.04,Census Tract 122.04,G5020,S,879459,56473,+40.0009407,-075.2120769,194600.0,0,1.5968192827268366,0.0,2344.6725550169563,2.3446725550169565,29.308406937711954,0,0
42,101,013602,42101013602,136.02,Census Tract 136.02,G5020,S,246812,0,+39.9716057,-075.1800748,440100.0,0,0.42073747145021,0.0,409.59372103234017,0.40959372103234015,5.119921512904252,1,1
42,101,034502,42101034502,345.02,Census Tract 345.02,G5020,S,1021734,0,+40.0814101,-075.0384569,230400.0,0,1.747305887406211,0.0,5725.530654740628,5.725530654740628,71.56913318425785,0,0
42,101,000902,42101000902,9.02,Census Tract 9.02,G5020,S,155167,0,+39.9471596,-075.1566389,1036700.0,0,0.26432004613449783,0.0,1671.5610030973135,1.6715610030973134,20.89451253871642,0,0
42,101,001201,42101001201,12.01,Census Tract 12.01,G5020,S,327555,30728,+39.9470373,-075.1799169,846200.0,0,0.6103237232272465,0.0,1690.389953942593,1.6903899539425928,21.129874424282413,0,0
42,101,002702,42101002702,27.02,Census Tract 27.02,G5020,S,367675,0,+39.9280114,-075.1495606,337900.0,0,0.6259718630368762,0.0,2612.435911189146,2.612435911189146,32.655448889864324,0,0
42,101,028100,42101028100,281,Census Tract 281,G5020,S,503541,0,+40.0304473,-075.1491299,124500.0,0,0.859848561677597,0.0,6208.064060144031,6.208064060144031,77.60080075180039,0,0
42,101,035302,42101035302,353.02,Census Tract 353.02,G5020,S,1498641,17290,+40.0730754,-074.9968678,275600.0,0,2.5918232022163368,0.0,4504.314754507326,4.504314754507326,56.303934431341574,0,0
42,101,002000,42101002000,20,Census Tract 20,G5020,S,290083,0,+39.9381467,-075.1843188,336100.0,0,0.49401714564247645,0.0,642.9238129956805,0.6429238129956805,8.036547662446006,1,1
42,101,014300,42101014300,143,Census Tract 143,G5020,S,570961,282807,+39.9678118,-075.1249943,460000.0,1,1.4552397106642794,0.6871720120553375,772.9371505514752,0.7729371505514752,9.66171438189344,1,1
42,101,001101,42101001101,11.01,Census Tract 11.01,G5020,S,174011,0,+39.9449918,-075.1625240,452600.0,0,0.29641343499339334,0.0,2343.080612509644,2.3430806125096444,29.28850765637055,0,0
42,101,027402,42101027402,274.02,Census Tract 274.02,G5020,S,511360,0,+40.0390702,-075.1251352,123600.0,0,0.873421403934855,0.0,7828.179462852731,7.828179462852732,97.85224328565914,0,0
42,101,036502,42101036502,365.02,Census Tract 365.02,G5020,S,1733146,0,+40.1235705,-074.9993523,318300.0,0,2.9675679640833805,0.0,11435.088684091845,11.435088684091845,142.93860855114806,0,0
42,101,000401,42101000401,4.01,Census Tract 4.01,G5020,S,216838,15884,+39.9541871,-075.1758082,587400.0,0,0.3965177957610353,0.0,2234.576104745723,2.2345761047457233,27.932201309321538,0,0
42,101,034501,42101034501,345.01,Census Tract 345.01,G5020,S,447469,0,+40.0749091,-075.0392089,321000.0,0,0.7650902073580965,0.0,4935.915658606362,4.935915658606362,61.698945732579524,0,0
42,101,000901,42101000901,9.01,Census Tract 9.01,G5020,S,105511,0,+39.9478866,-075.1623004,358500.0,0,0.1797424395938204,0.0,2023.0825031260317,2.0230825031260316,25.288531289075397,0,0
42,101,017702,42101017702,177.02,Census Tract 177.02,G5020,S,489257,0,+39.9950621,-075.1231399,46700.0,0,0.834589749195789,0.0,1848.9498665045658,1.8489498665045658,23.111873331307073,0,0
42,101,023800,42101023800,238,Census Tract 238,G5020,S,781630,0,+40.0389370,-075.1827038,283700.0,0,1.3350440958963024,0.0,3067.0652659156935,3.0670652659156934,38.33831582394617,0,0
42,101,010900,42101010900,109,Census Tract 109,G5020,S,286242,0,+39.9650671,-075.1914538,320500.0,0,0.48785580384324123,0.0,1793.9243761170571,1.7939243761170571,22.424054701463213,0,0
42,101,024800,42101024800,248,Census Tract 248,G5020,S,319262,0,+40.0468442,-075.1668818,120400.0,0,0.5454347400594474,0.0,3171.2075040553723,3.1712075040553724,39.640093800692156,0,0
42,101,033500,42101033500,335,Census Tract 335,G5020,S,943012,0,+40.0546016,-075.0648662,224600.0,0,1.6114218849150839,0.0,5585.689370078339,5.585689370078339,69.82111712597924,0,0
42,101,007700,42101007700,77,Census Tract 77,G5020,S,322266,0,+39.9463523,-075.2082583,289700.0,0,0.5489586883665052,0.0,2337.0602597029706,2.3370602597029704,29.21325324628713,0,0
42,101,014000,42101014000,140,Census Tract 140,G5020,S,439804,0,+39.9735358,-075.1630966,296400.0,0,0.7497632298525336,0.0,981.8667133728135,0.9818667133728135,12.27333391716017,0,1
42,101,003001,42101003001,30.01,Census Tract 30.01,G5020,S,226545,0,+39.9290640,-075.1719912,245400.0,0,0.38570712207583724,0.0,347.2078770550387,0.3472078770550387,4.340098463187983,1,1
42,101,002802,42101002802,28.02,Census Tract 28.02,G5020,S,362691,0,+39.9288001,-075.1614073,350600.0,0,0.6175046459457357,0.0,1320.2113143707213,1.3202113143707213,16.502641429634018,0,0
42,101,002701,42101002701,27.01,Census Tract 27.01,G5020,S,224842,0,+39.9285526,-075.1537033,375300.0,0,0.38280297316552,0.0,2160.4308983547,2.1604308983547,27.005386229433746,0,0
42,101,034702,42101034702,347.02,Census Tract 347.02,G5020,S,1032346,0,+40.0569545,-075.0282679,268100.0,0,1.7641987774134857,0.0,2099.9282074008115,2.0999282074008114,26.249102592510145,0,0
42,101,034801,42101034801,348.01,Census Tract 348.01,G5020,S,1385962,5188,+40.0532771,-075.0158917,204000.0,1,2.3771871522726244,0.4206652383443962,1219.0911219907225,1.2190911219907226,15.238639024884032,0,0
42,101,034802,42101034802,348.02,Census Tract 348.02,G5020,S,1232182,8015,+40.0687145,-075.0097300,275900.0,0,2.1198225893717977,0.0,2613.1381034235146,2.613138103423515,32.664226292793934,0,0
42,101,034900,42101034900,349,Census Tract 349,G5020,S,1944025,8263,+40.0450232,-075.0096675,171800.0,0,3.335175794100049,0.0,766.3396672620285,0.7663396672620284,9.579245840775355,1,1
42,101,035100,42101035100,351,Census Tract 351,G5020,S,997445,666022,+40.0488411,-074.9859716,222300.0,0,2.841925545297619,0.0,3467.3111106899714,3.4673111106899714,43.341388883624646,0,0
42,101,035200,42101035200,352,Census Tract 352,G5020,S,1850925,14613,+40.0553000,-074.9901521,279700.0,0,3.187926462772674,0.0,3021.3575483465793,3.0213575483465793,37.76696935433224,0,0
42,101,035500,42101035500,355,Census Tract 355,G5020,S,2290052,1067,+40.0911285,-075.0293244,295300.0,0,3.9192059308124048,0.0,6648.447244230731,6.648447244230731,83.10559055288414,0,0
42,101,035800,42101035800,358,Census Tract 358,G5020,S,1757642,2013,+40.1213169,-075.0257898,308700.0,0,3.0127510651079175,0.0,10997.764683809957,10.997764683809958,137.47205854762447,0,0
42,101,035900,42101035900,359,Census Tract 359,G5020,S,2244712,2511,+40.1091461,-075.0163486,287100.0,0,3.846494365745524,0.0,9601.15308988555,9.601153089885551,120.01441362356938,0,0
42,101,036000,42101036000,360,Census Tract 360,G5020,S,2043080,638,+40.1059783,-075.0079841,297900.0,0,3.4974302312401995,0.0,8565.494159953236,8.565494159953236,107.06867699941544,0,0
42,101,036100,42101036100,361,Census Tract 361,G5020,S,1205996,7044,+40.0993951,-074.9909265,263100.0,0,2.0755335065218934,0.0,8215.50959013605,8.21550959013605,102.69386987670062,0,0
42,101,026000,42101026000,260,Census Tract 260,G5020,S,543433,0,+40.0761235,-075.1694560,189900.0,0,0.9291989723119752,0.0,3387.3772870658277,3.387377287065828,42.34221608832284,0,0
42,101,027500,42101027500,275,Census Tract 275,G5020,S,611452,0,+40.0400410,-075.1322903,124900.0,0,1.0444130040335506,0.0,7038.647642333492,7.038647642333491,87.98309552916865,0,0
42,101,006500,42101006500,65,Census Tract 65,G5020,S,1114276,29457,+39.9330954,-075.2318407,106900.0,0,1.9477324279236436,0.0,5174.067163954928,5.174067163954928,64.6758395494366,0,0
42,101,006600,42101006600,66,Census Tract 66,G5020,S,651243,0,+39.9293155,-075.2298425,78300.0,0,1.1088032888354902,0.0,4612.635438444184,4.612635438444184,57.6579429805523,0,0
42,101,006700,42101006700,67,Census Tract 67,G5020,S,1001468,0,+39.9242475,-075.2242816,106600.0,0,1.7048416789785021,0.0,4317.209265120145,4.317209265120145,53.965115814001805,0,0
42,101,007200,42101007200,72,Census Tract 72,G5020,S,502743,0,+39.9446375,-075.2332142,93200.0,0,0.8563523953007998,0.0,4888.193484412692,4.8881934844126915,61.10241855515865,0,0
42,101,001600,42101001600,16,Census Tract 16,G5020,S,196389,0,+39.9402546,-075.1483127,698800.0,0,0.3344733606076165,0.0,2330.9207818424466,2.3309207818424467,29.136509773030582,0,0
42,101,001700,42101001700,17,Census Tract 17,G5020,S,212720,0,+39.9377805,-075.1484848,615500.0,0,0.36226814458651885,0.0,2690.615235731254,2.690615235731254,33.63269044664067,0,0
42,101,007300,42101007300,73,Census Tract 73,G5020,S,386471,0,+39.9448131,-075.2232796,263300.0,0,0.6583025826003278,0.0,3814.142071441488,3.814142071441488,47.6767758930186,0,0
42,101,007400,42101007400,74,Census Tract 74,G5020,S,676057,0,+39.9408638,-075.2143066,80600.0,0,1.1514357737048362,0.0,2721.4757349695487,2.7214757349695486,34.01844668711936,0,0
42,101,001800,42101001800,18,Census Tract 18,G5020,S,242440,0,+39.9400001,-075.1593102,605000.0,0,0.41290501952289455,0.0,2447.3085692524473,2.4473085692524474,30.59135711565559,0,0
42,101,001900,42101001900,19,Census Tract 19,G5020,S,328328,0,+39.9400454,-075.1722270,512300.0,0,0.5591854737086364,0.0,1925.5392349950164,1.9255392349950164,24.069240437437706,0,0
42,101,002100,42101002100,21,Census Tract 21,G5020,S,237519,0,+39.9372214,-075.1768955,353200.0,0,0.40449061312112594,0.0,1477.0543220433444,1.4770543220433445,18.463179025541805,0,0
42,101,002200,42101002200,22,Census Tract 22,G5020,S,228697,0,+39.9364111,-075.1703923,394000.0,0,0.38946155836884655,0.0,1425.3886976024935,1.4253886976024934,17.81735872003117,0,0
42,101,002400,42101002400,24,Census Tract 24,G5020,S,535423,0,+39.9367634,-075.1595100,469600.0,0,0.9118054239205402,0.0,2083.539599952262,2.083539599952262,26.044244999403276,0,0
42,101,002500,42101002500,25,Census Tract 25,G5020,S,393627,0,+39.9342949,-075.1498638,519200.0,0,0.6702730936802244,0.0,2793.6320023280714,2.793632002328071,34.92040002910089,0,0
42,101,002900,42101002900,29,Census Tract 29,G5020,S,370256,0,+39.9306978,-075.1655733,406100.0,0,0.63042155691075,0.0,1000.0058186072065,1.0000058186072065,12.50007273259008,0,1
42,101,003100,42101003100,31,Census Tract 31,G5020,S,395912,0,+39.9323428,-075.1779572,297200.0,0,0.6741367167465887,0.0,977.9659923274697,0.9779659923274697,12.224574904093371,0,1
42,101,003200,42101003200,32,Census Tract 32,G5020,S,491790,0,+39.9333011,-075.1854187,198100.0,0,0.8374207020933523,0.0,891.1234012293602,0.8911234012293602,11.139042515367002,0,1
42,101,003300,42101003300,33,Census Tract 33,G5020,S,1063815,96702,+39.9385079,-075.1963391,207600.0,1,1.976404281445189,0.505969355251942,686.5192886982227,0.6865192886982227,8.581491108727784,1,1
42,101,007800,42101007800,78,Census Tract 78,G5020,S,426722,0,+39.9464631,-075.2162652,592000.0,0,0.7268966706905886,0.0,3146.314412368741,3.146314412368741,39.32893015460927,0,0
42,101,007900,42101007900,79,Census Tract 79,G5020,S,377951,0,+39.9504630,-075.2182570,499600.0,0,0.6438932162642574,0.0,3599.605247603795,3.5996052476037947,44.995065595047436,0,0
42,101,008000,42101008000,80,Census Tract 80,G5020,S,430891,0,+39.9506586,-075.2268464,264800.0,0,0.7340823807923528,0.0,4468.612937179709,4.468612937179708,55.85766171474636,0,0
42,101,008200,42101008200,82,Census Tract 82,G5020,S,832282,11202,+39.9491574,-075.2444494,187900.0,0,1.4369293607970957,0.0,6344.812085041156,6.3448120850411565,79.31015106301444,0,0
42,101,008301,42101008301,83.01,Census Tract 83.01,G5020,S,510556,6714,+39.9577810,-075.2467384,95400.0,0,0.8814267172723814,0.0,6893.992752383539,6.8939927523835385,86.17490940479424,0,0
42,101,003600,42101003600,36,Census Tract 36,G5020,S,964586,0,+39.9279253,-075.1920207,190800.0,0,1.6422190040259237,0.0,1519.1740074985198,1.5191740074985198,18.9896750937315,0,0
42,101,003701,42101003701,37.01,Census Tract 37.01,G5020,S,355619,0,+39.9276728,-075.1806654,262200.0,0,0.6054450493536241,0.0,865.5640325274283,0.8655640325274283,10.819550406592853,0,1
42,101,003702,42101003702,37.02,Census Tract 37.02,G5020,S,247351,0,+39.9245287,-075.1824353,226400.0,0,0.42108030595110707,0.0,1103.280281933011,1.1032802819330112,13.791003524162639,0,1
42,101,003800,42101003800,38,Census Tract 38,G5020,S,1089240,0,+39.9184660,-075.1831321,293400.0,0,1.853939478088626,0.0,1655.2234191347254,1.6552234191347255,20.690292739184066,0,0
42,101,003901,42101003901,39.01,Census Tract 39.01,G5020,S,420397,0,+39.9238262,-075.1732854,281000.0,1,0.7156459435186362,1.397339018067052,432.20276840240444,0.43220276840240446,5.402534605030056,1,1
42,101,003902,42101003902,39.02,Census Tract 39.02,G5020,S,452952,0,+39.9167148,-075.1744099,278500.0,0,0.7709115860702432,0.0,1471.7191405681422,1.4717191405681422,18.396489257101777,0,0
42,101,004001,42101004001,40.01,Census Tract 40.01,G5020,S,314911,0,+39.9238033,-075.1662098,296400.0,0,0.5360807479119902,0.0,869.2621529856126,0.8692621529856126,10.865776912320158,0,1
42,101,015300,42101015300,153,Census Tract 153,G5020,S,469148,0,+39.9837644,-075.1608848,221900.0,0,0.8000319837470532,0.0,2482.8515356727976,2.4828515356727974,31.03564419590997,0,0
42,101,025300,42101025300,253,Census Tract 253,G5020,S,581298,0,+40.0542198,-075.1822200,184000.0,0,0.9933154565264934,0.0,1159.542128070845,1.159542128070845,14.494276600885561,0,1
42,101,035301,42101035301,353.01,Census Tract 353.01,G5020,S,1398722,13466,+40.0659313,-074.9934646,257600.0,0,2.4140385055472495,0.0,4297.009419235178,4.297009419235178,53.712617740439725,0,0
42,101,031900,42101031900,319,Census Tract 319,G5020,S,773215,0,+40.0230596,-075.0648989,137800.0,0,1.3200600351418574,0.0,6388.6352420910725,6.388635242091072,79.8579405261384,0,0
42,101,028300,42101028300,283,Census Tract 283,G5020,S,673069,0,+40.0260505,-075.1438525,105600.0,0,1.149183000195631,0.0,6533.925698616751,6.533925698616751,81.6740712327094,0,0
42,101,008302,42101008302,83.02,Census Tract 83.02,G5020,S,425236,0,+39.9566981,-075.2414378,102000.0,0,0.7245765658325098,0.0,6310.277259764015,6.310277259764015,78.87846574705019,0,0
42,101,008400,42101008400,84,Census Tract 84,G5020,S,501763,0,+39.9579899,-075.2354680,136300.0,0,0.8550070684592953,0.0,5805.391231810353,5.805391231810353,72.56739039762941,0,0
42,101,008500,42101008500,85,Census Tract 85,G5020,S,621445,0,+39.9568821,-075.2265389,162500.0,0,1.0589238087861799,0.0,4873.800187921245,4.873800187921245,60.922502349015566,0,0
42,101,009000,42101009000,90,Census Tract 90,G5020,S,525631,0,+39.9592921,-075.1899772,195000.0,0,0.895715458959437,0.0,2413.573878878638,2.413573878878638,30.169673485982976,0,0
42,101,004002,42101004002,40.02,Census Tract 40.02,G5020,S,344839,0,+39.9188943,-075.1674160,264500.0,0,0.586946671745445,0.0,1303.0038547837291,1.303003854783729,16.287548184796613,0,0
42,101,004101,42101004101,41.01,Census Tract 41.01,G5020,S,374000,0,+39.9229611,-075.1589741,228600.0,0,0.6366468699575454,0.0,1654.8884139966387,1.6548884139966387,20.686105174957984,0,0
42,101,011200,42101011200,112,Census Tract 112,G5020,S,503153,0,+39.9736041,-075.2336532,119600.0,0,0.857766744846158,0.0,5879.722903068182,5.879722903068182,73.49653628835227,0,0
42,101,002300,42101002300,23,Census Tract 23,G5020,S,212379,0,+39.9348217,-075.1629799,433800.0,0,0.36164883208255133,0.0,1611.1949302015844,1.6111949302015844,20.139936627519806,0,0
42,101,006200,42101006200,62,Census Tract 62,G5020,S,509635,0,+39.9194134,-075.2335257,98600.0,0,0.8674508378411654,0.0,5557.207277435044,5.557207277435044,69.46509096793804,0,0
42,101,032300,42101032300,323,Census Tract 323,G5020,S,600044,0,+40.0210898,-075.0515270,111800.0,0,1.0243564253132331,0.0,5366.995982388549,5.366995982388549,67.08744977985687,0,0
42,101,001500,42101001500,15,Census Tract 15,G5020,S,239383,0,+39.9419037,-075.1591158,568300.0,0,0.4077174434043838,0.0,2457.264395474038,2.457264395474038,30.715804943425475,0,0
42,101,009200,42101009200,92,Census Tract 92,G5020,S,512010,0,+39.9601608,-075.2074723,281800.0,0,0.8725268900037632,0.0,3611.3797545211924,3.6113797545211925,45.142246931514904,0,0
42,101,009300,42101009300,93,Census Tract 93,G5020,S,401596,0,+39.9622890,-075.2240326,114700.0,0,0.6844095271822177,0.0,5117.607228328835,5.1176072283288345,63.97009035411044,0,0
42,101,009400,42101009400,94,Census Tract 94,G5020,S,366714,0,+39.9632709,-075.2322437,94800.0,0,0.6249825276488995,0.0,5931.490600731192,5.931490600731192,74.1436325091399,0,0
42,101,009500,42101009500,95,Census Tract 95,G5020,S,319094,0,+39.9658712,-075.2379141,79800.0,0,0.543869135745422,0.0,6471.624249173873,6.471624249173873,80.89530311467341,0,0
42,101,009600,42101009600,96,Census Tract 96,G5020,S,405273,0,+39.9655396,-075.2435075,108600.0,0,0.6907431606420157,0.0,7092.413520908792,7.092413520908791,88.6551690113599,0,0
42,101,010000,42101010000,100,Census Tract 100,G5020,S,497692,0,+39.9710834,-075.2503760,157500.0,0,0.8483971621626526,0.0,7754.905928336787,7.754905928336787,96.93632410420983,0,0
42,101,010100,42101010100,101,Census Tract 101,G5020,S,601423,0,+39.9721397,-075.2425291,111700.0,0,1.025256121928616,0.0,6874.337319056871,6.874337319056871,85.92921648821088,0,0
42,101,010200,42101010200,102,Census Tract 102,G5020,S,360619,0,+39.9680830,-075.2316701,80200.0,0,0.6146786373160351,0.0,5730.999095728169,5.730999095728169,71.6374886966021,0,0
42,101,010300,42101010300,103,Census Tract 103,G5020,S,281275,0,+39.9678329,-075.2254384,120000.0,0,0.47942736486467846,0.0,5054.03738841694,5.0540373884169405,63.17546735521175,0,0
42,101,010400,42101010400,104,Census Tract 104,G5020,S,473022,0,+39.9654955,-075.2191208,100900.0,0,0.8062118604465086,0.0,4451.378795270552,4.451378795270552,55.64223494088189,0,0
42,101,010500,42101010500,105,Census Tract 105,G5020,S,657748,0,+39.9665651,-075.2142018,155200.0,0,1.1210816077735382,0.0,3882.253747540286,3.882253747540286,48.52817184425358,0,0
42,101,004201,42101004201,42.01,Census Tract 42.01,G5020,S,337995,0,+39.9219675,-075.1515167,256700.0,0,0.5753444737599929,0.0,2489.3326163175366,2.4893326163175367,31.116657703969206,0,0
42,101,028800,42101028800,288,Census Tract 288,G5020,S,492828,0,+40.0222351,-075.1240599,150900.0,0,0.8413573535977041,0.0,5741.369312111421,5.741369312111421,71.76711640139277,0,0
42,101,011700,42101011700,117,Census Tract 117,G5020,S,654025,0,+39.9919070,-075.2404370,282800.0,0,1.115563281993177,0.0,5026.826811613191,5.026826811613192,62.83533514516489,0,0
42,101,016902,42101016902,169.02,Census Tract 169.02,G5020,S,563694,0,+39.9939856,-075.1831934,69400.0,0,0.9615523981407826,0.0,2862.814700495386,2.8628147004953863,35.785183756192325,0,0
42,101,001400,42101001400,14,Census Tract 14,G5020,S,315833,0,+39.9429436,-075.1715930,664200.0,0,0.5379476956363205,0.0,2167.469952884105,2.167469952884105,27.093374411051315,0,0
42,101,013200,42101013200,132,Census Tract 132,G5020,S,426669,0,+39.9662042,-075.1571336,415100.0,0,0.7272233130395086,0.0,834.3085898828133,0.8343085898828133,10.428857373535166,0,1
42,101,027000,42101027000,270,Census Tract 270,G5020,S,642216,0,+40.0493231,-075.1331512,313700.0,0,1.09724888061485,0.0,6527.962840802964,6.527962840802964,81.59953551003704,0,0
42,101,035602,42101035602,356.02,Census Tract 356.02,G5020,S,1394857,1871,+40.1045720,-075.0419555,332400.0,0,2.3902935556956937,0.0,9261.545202981253,9.261545202981253,115.76931503726567,0,0
42,101,015101,42101015101,151.01,Census Tract 151.01,G5020,S,193072,0,+39.9869632,-075.1857502,174200.0,0,0.32927496257147404,0.0,1910.2498982153097,1.9102498982153098,23.87812372769137,0,0
42,101,015102,42101015102,151.02,Census Tract 151.02,G5020,S,556564,0,+39.9861429,-075.1794280,118500.0,0,0.9491674428140159,0.0,1718.5673981054138,1.7185673981054137,21.48209247631767,0,0
42,101,031402,42101031402,314.02,Census Tract 314.02,G5020,S,521131,0,+40.0434526,-075.0604732,172800.0,0,0.8902225707296368,0.0,4969.108246739447,4.969108246739447,62.11385308424309,0,0
42,101,016701,42101016701,167.01,Census Tract 167.01,G5020,S,254216,0,+39.9911989,-075.1619033,72500.0,0,0.4336060903331947,0.0,3229.275017979202,3.229275017979202,40.36593772474002,0,0
42,101,027901,42101027901,279.01,Census Tract 279.01,G5020,S,415780,0,+40.0458879,-075.1544482,117800.0,0,0.71030740685688,0.0,4441.290486169246,4.441290486169246,55.516131077115574,0,0
42,101,027902,42101027902,279.02,Census Tract 279.02,G5020,S,889786,0,+40.0374381,-075.1543087,104300.0,0,1.51970366689423,0.0,5110.330748104255,5.110330748104254,63.879134351303186,0,0
42,101,008702,42101008702,87.02,Census Tract 87.02,G5020,S,283544,0,+39.9538112,-075.2070434,646100.0,0,0.4831013781767726,0.0,2940.0078320488105,2.9400078320488103,36.75009790061013,0,0
42,101,008101,42101008101,81.01,Census Tract 81.01,G5020,S,243881,0,+39.9483645,-075.2360472,116700.0,0,0.415456912815552,0.0,5320.980557136283,5.320980557136283,66.51225696420354,0,0
42,101,007102,42101007102,71.02,Census Tract 71.02,G5020,S,415761,0,+39.9409204,-075.2282511,84100.0,0,0.7081108187842068,0.0,4265.0889144210705,4.265088914421071,53.31361143026338,0,0
42,101,008701,42101008701,87.01,Census Tract 87.01,G5020,S,259543,0,+39.9535660,-075.2104986,579500.0,0,0.44220410159014717,0.0,3175.5278275418345,3.1755278275418344,39.69409784427293,0,0
42,101,008102,42101008102,81.02,Census Tract 81.02,G5020,S,362526,0,+39.9522216,-075.2345584,131800.0,0,0.6176465267164772,0.0,5347.684930024014,5.3476849300240135,66.84606162530017,0,0
42,101,001002,42101001002,10.02,Census Tract 10.02,G5020,S,471655,0,+39.9450045,-075.1466193,543600.0,0,0.8034028993637206,0.0,1642.4586878195387,1.6424586878195386,20.530733597744234,0,0
42,101,030502,42101030502,305.02,Census Tract 305.02,G5020,S,699364,0,+40.0457205,-075.1046628,159900.0,0,1.1947651368718764,0.0,9494.509009667107,9.494509009667107,118.68136262083883,0,0
42,101,031502,42101031502,315.02,Census Tract 315.02,G5020,S,621108,0,+40.0393987,-075.0550873,229200.0,0,1.0608822603542925,0.0,4460.482024965553,4.460482024965553,55.75602531206941,0,0
42,101,036501,42101036501,365.01,Census Tract 365.01,G5020,S,1816210,7169,+40.1288937,-075.0122761,315000.0,0,3.1225931321493743,0.0,12125.640127012795,12.125640127012796,151.57050158765995,0,0
42,101,000801,42101000801,8.01,Census Tract 8.01,G5020,S,99957,12755,+39.9497374,-075.1804054,724700.0,0,0.1920188735920989,0.0,2042.6382194146636,2.0426382194146635,25.532977742683293,0,0
